zipcode
98002 (Auburn)
98092 (Auburn)
98224 (Baring)
98004 (Bellevue)
98005 (Bellevue)
98006 (Bellevue)
98007 (Bellevue)
98008 (Bellevue)
98010 (Black Diamond)
98011 (Bothell)
98178 (Bryn Mawr-Skyway)
98148 (Burien)
98166 (Burien)
98014 (Carnation)
98077 (Cottage Lake)
98042 (Covington)
98198 (Des Moines)
98019 (Duvall)
98022 (Enumclaw)
98058 (Fairwood)
98024 (Fall City)
98003 (Federal Way)
98023 (Federal Way)
98027 (Issaquah)
98029 (Issaquah)
98028 (Kenmore)
98032 (Kent)
98030 (Kent)
98033 (Kirkland)
98034 (Kirkland)
98001 (Lakeland North)
98038 (Maple Valley)
98039 (Medina)
98040 (Mercer Island)
98045 (North Bend)
98047 (Pacific)
98050 (Preston)
98051 (Ravensdale)
98052 (Redmond)
98055 (Renton)
98056 (Renton)
98057 (Renton)
98059 (Renton)
98074 (Sammamish)
98075 (Sammamish)
98188 (SeaTac)
98199 (Seattle)
98174 (Seattle)
98154 (Seattle)
98158 (Seattle)
98164 (Seattle)
98101 (Seattle)
98102 (Seattle)
98103 (Seattle)
98104 (Seattle)
98105 (Seattle)
98106 (Seattle)
98107 (Seattle)
98108 (Seattle)
98109 (Seattle)
98112 (Seattle)
98115 (Seattle)
98116 (Seattle)
98117 (Seattle)
98118 (Seattle)
98119 (Seattle)
98121 (Seattle)
98122 (Seattle)
98125 (Seattle)
98126 (Seattle)
98133 (Seattle)
98134 (Seattle)
98136 (Seattle)
98144 (Seattle)
98155 (Shoreline)
98177 (Shoreline)
98288 (Skykomish)
98065 (Snoqualmie)
98168 (Tukwila)
98053 (Union Hill-Novelty Hill)
98195 (Univ Of Washington)
98070 (Vashon)
98146 (White Center)
98072 (Woodinville)
98178 (Tukwila)
98146 (Burien)
98053 (Redmond)
98024 (Snoqualmie)
98058 (Renton)
98031 (Kent)
98001 (Auburn)
98077 (Woodinville)